{
  "metadata": {
    "candle_date": "None",
    "analysis_timestamp": "2026-03-06T22:05:10.277947",
    "timeframe": "1h",
    "total_indicators": 93,
    "close_price": 2020.77,
    "parent_timeframes": [
      "4h",
      "1d",
      "1W"
    ],
    "parent_contexts_loaded": 3,
    "all_parents_loaded": true
  },
  "indicator_values": {
    "price_action": {
      "price_change_pct": 0.0,
      "price_range": 0.0,
      "price_range_pct": 0.0,
      "body_size": 2.230000000000018,
      "upper_wick": 3.009999999999991,
      "lower_wick": 8.539999999999964,
      "range_location": "78.15674891146591",
      "is_bullish": true,
      "is_bearish": false,
      "consecutive_bullish": 1
    },
    "trend": {
      "ema_9": 2047.5083755540409,
      "ema_21": 2065.100858130221,
      "ema_50": 2071.1323448915564,
      "ema_200": 2022.2666987409568,
      "sma_20": 2067.3885,
      "sma_50": 2099.7834,
      "trend_bullish": false,
      "trend_strong": false
    },
    "momentum": {
      "rsi": 27.34038054968282,
      "rsi_sma": 38.39465335307568,
      "macd_line": -15.701605585456493,
      "macd_signal": -10.363341471141062,
      "macd_hist": -5.338264114315429
    },
    "volatility": {
      "atr": 20.24214285714288,
      "atr_pct": 1.001704442224641,
      "bb_middle": 2067.3885,
      "bb_upper": 2107.088671164909,
      "bb_lower": 2027.688328835091,
      "bb_width": 0.0384061062203926,
      "bb_position": -0.0871322293089514
    },
    "volume": {
      "volume_sma_20": 159656.06435,
      "volume_ratio": 0.7885015236503918,
      "vwap": 2062.047204041041,
      "vwap_distance": -2.0017584447217818
    },
    "trend_strength": {
      "plus_dm": 0.0,
      "minus_dm": 7.089999999999918,
      "plus_di": 9.185221779173638,
      "minus_di": 34.239034546032,
      "dx": 57.69543312205409,
      "adx": 32.491719157824505,
      "adx_trending": true
    },
    "fibonacci": {
      "fib_0": 2099.3,
      "fib_236": 2078.2252000000003,
      "fib_382": 2065.1874000000003,
      "fib_500": 2054.65,
      "fib_618": 2044.1126,
      "fib_786": 2029.1102,
      "fib_100": 2010.0,
      "fib_1272": 2123.5896,
      "fib_1382": 2133.4126,
      "fib_1618": 2154.4874000000004,
      "fib_200": 2188.6000000000004,
      "fib_2618": 2243.7874000000006,
      "fib_4236": 2388.2748000000006,
      "fib_position": 0.87939529675252
    },
    "structure": {
      "hh": false,
      "lh": false,
      "hl": false,
      "ll": false,
      "structure_score": -0.3333333333333333,
      "structure_bullish": false,
      "structure_bearish": true,
      "swing_high": 0.0,
      "swing_low": 0.0
    },
    "support_resistance": {
      "resistance_1": 2163.0,
      "resistance_2": 2099.3,
      "resistance_3": 2092.39,
      "resistance_4": 2086.57,
      "support_1": 2092.43,
      "support_2": 2053.3,
      "support_3": 2060.6,
      "support_4": 2044.12,
      "dist_to_resistance_1": 7.038406152110335,
      "dist_to_support_1": -3.5461729934628807,
      "sr_zone_size": 3.4922331586474544,
      "position_in_sr_zone": -101.54456567946674
    },
    "trendlines": {
      "bull_trend_line": null,
      "bull_trend_touches": 0,
      "bull_trend_valid": false,
      "bull_trend_angle": 0.4583237871117127,
      "bull_trend_slope_pct": 0.0799942974893117,
      "dist_to_bull_trend": 0,
      "bear_trend_line": null,
      "bear_trend_touches": 0,
      "bear_trend_valid": false,
      "bear_trend_angle": 0.1811721445388197,
      "bear_trend_slope_pct": 0.0316206097379706,
      "dist_to_bear_trend": 0,
      "above_bull_trend": false,
      "below_bear_trend": false,
      "between_trend_lines": false,
      "broke_bull_trend": false,
      "broke_bear_trend": false
    }
  },
  "parent_contexts": {
    "four_hour": {
      "regime": "transition",
      "trend_strength": "strong",
      "bias": "transition",
      "close": 2047.65,
      "key_levels": {
        "nearest_resistance": 2090.0,
        "nearest_support": 1945.08,
        "distance_to_resistance_pct": 2.0682245500940057,
        "distance_to_support_pct": 5.00915683832687
      },
      "fib_zone": "mid_range",
      "alignments": {
        "4h_vs_monthly": "mixed",
        "4h_vs_weekly": "mixed",
        "4h_vs_daily": "aligned",
        "quad_alignment": "moderate_confluence"
      }
    },
    "daily": {
      "regime": "transition",
      "trend_strength": "moderate",
      "bias": "transition",
      "close": 2067.24,
      "key_levels": {
        "nearest_resistance": 1995.56,
        "nearest_support": 1897.24,
        "distance_to_resistance_pct": -3.4674251659217044,
        "distance_to_support_pct": 8.223525086588872
      },
      "fib_zone": "deep_correction",
      "alignments": {
        "daily_vs_monthly": "mixed",
        "daily_vs_weekly": "mixed",
        "triple_alignment": "mixed_signals"
      }
    },
    "weekly": {
      "regime": "bearish_distribution",
      "trend_strength": "strong",
      "bias": "bearish",
      "close": 1939.3,
      "key_levels": {
        "nearest_resistance": 4755.0,
        "nearest_support": 3435.0,
        "distance_to_resistance_pct": 145.19156396637962,
        "distance_to_support_pct": -77.12576702934048
      },
      "fib_zone": "extension",
      "mtf_alignment": "aligned"
    },
    "summary": "3/3 contexts loaded"
  },
  "interpretations": {
    "regime": {
      "classification": "bearish_distribution",
      "confidence": 0.75,
      "using_indicators": [
        "trend_bullish",
        "structure_bullish",
        "rsi"
      ]
    },
    "trend": {
      "strength": "strong",
      "adx_value": 32.491719157824505,
      "using_indicators": [
        "adx",
        "plus_di",
        "minus_di"
      ]
    },
    "volatility": {
      "regime": "normal",
      "bb_width": 0.0384061062203926,
      "using_indicators": [
        "bb_width",
        "atr_pct"
      ]
    },
    "fibonacci_position": {
      "zone": "extension",
      "position": 0.87939529675252,
      "using_indicators": [
        "fib_position",
        "fib_618",
        "fib_382"
      ]
    },
    "key_levels": {
      "nearest_resistance": 2163.0,
      "nearest_support": 2092.43,
      "distance_to_resistance_pct": 7.038406152110335,
      "distance_to_support_pct": -3.5461729934628807
    },
    "volume": {
      "volume_ratio": 0.7885015236503918,
      "above_average": false,
      "using_indicators": [
        "volume_ratio",
        "volume_sma_20"
      ]
    },
    "trendlines": {
      "bull_valid": false,
      "bear_valid": false,
      "using_indicators": [
        "bull_trend_valid",
        "bear_trend_valid"
      ]
    },
    "mtf_alignment": {
      "alignments": {
        "1h_vs_4h": "mixed",
        "1h_vs_daily": "mixed",
        "1h_vs_weekly": "aligned",
        "quad_alignment": "moderate_confluence"
      },
      "confluence_count": 1,
      "using_context": [
        "4h_regime",
        "daily_regime",
        "weekly_regime"
      ]
    }
  },
  "comprehensive_analysis": {
    "all_indicators_reviewed": true,
    "total_indicators": 93,
    "categories": [
      "price_action",
      "trend",
      "momentum",
      "volatility",
      "volume",
      "trend_strength",
      "fibonacci",
      "structure",
      "support_resistance",
      "trendlines"
    ],
    "narrative": "1h Analysis: Close 2020.77. Regime: bearish_distribution. Quad alignment: moderate_confluence. Trend strength: strong (ADX 32.5). Volatility: normal. Fibonacci: extension (0.88)."
  }
}