{
  "metadata": {
    "candle_date": "None",
    "analysis_timestamp": "2026-03-06T21:25:52.001774",
    "timeframe": "1h",
    "total_indicators": 93,
    "close_price": 2079.66,
    "parent_timeframes": [
      "4h",
      "1d",
      "1W"
    ],
    "parent_contexts_loaded": 3,
    "all_parents_loaded": true
  },
  "indicator_values": {
    "price_action": {
      "price_change_pct": 0.0,
      "price_range": 0.0,
      "price_range_pct": 0.0,
      "body_size": 11.760000000000218,
      "upper_wick": 7.880000000000109,
      "lower_wick": 6.129999999999654,
      "range_location": "23.787349631352964",
      "is_bullish": false,
      "is_bearish": true,
      "consecutive_bullish": 0
    },
    "trend": {
      "ema_9": 2088.6747631271537,
      "ema_21": 2098.3916730275964,
      "ema_50": 2080.3751210241303,
      "ema_200": 2014.514390445025,
      "sma_20": 2108.049,
      "sma_50": 2078.728,
      "trend_bullish": false,
      "trend_strong": false
    },
    "momentum": {
      "rsi": 43.83136390947316,
      "rsi_sma": 41.4325549714427,
      "macd_line": -4.4020653417055655,
      "macd_signal": 3.070426905268482,
      "macd_hist": -7.472492246974047
    },
    "volatility": {
      "atr": 30.56000000000001,
      "atr_pct": 1.469470971216449,
      "bb_middle": 2108.049,
      "bb_upper": 2159.1527013387613,
      "bb_lower": 2056.9452986612387,
      "bb_width": 0.048484358132815,
      "bb_position": 0.2222412539963368
    },
    "volume": {
      "volume_sma_20": 230957.60416,
      "volume_ratio": 0.5168852847871523,
      "vwap": 2103.5267819999026,
      "vwap_distance": -1.1346079452913689
    },
    "trend_strength": {
      "plus_dm": 1.300000000000182,
      "minus_dm": 0.0,
      "plus_di": 17.429412864622325,
      "minus_di": 18.340968586387486,
      "dx": 2.548353371667575,
      "adx": 13.151930617822783,
      "adx_trending": false
    },
    "fibonacci": {
      "fib_0": 2163.0,
      "fib_236": 2137.1108,
      "fib_382": 2121.0946,
      "fib_500": 2108.15,
      "fib_618": 2095.2054000000003,
      "fib_786": 2076.7758000000003,
      "fib_100": 2053.3,
      "fib_1272": 2192.8384,
      "fib_1382": 2204.9054,
      "fib_1618": 2230.7946,
      "fib_200": 2272.7,
      "fib_2618": 2340.4945999999995,
      "fib_4236": 2517.9891999999995,
      "fib_position": 0.7597082953509597
    },
    "structure": {
      "hh": false,
      "lh": false,
      "hl": false,
      "ll": false,
      "structure_score": -0.3333333333333333,
      "structure_bullish": false,
      "structure_bearish": true,
      "swing_high": 0.0,
      "swing_low": 0.0
    },
    "support_resistance": {
      "resistance_1": 2199.0,
      "resistance_2": 2141.93,
      "resistance_3": 2138.37,
      "resistance_4": 2163.0,
      "support_1": 2107.57,
      "support_2": 2107.5,
      "support_3": 2092.43,
      "support_4": 2053.3,
      "dist_to_resistance_1": 5.738438013906126,
      "dist_to_support_1": -1.3420462960291737,
      "sr_zone_size": 4.396391717876953,
      "position_in_sr_zone": -30.52608552991399
    },
    "trendlines": {
      "bull_trend_line": null,
      "bull_trend_touches": 0,
      "bull_trend_valid": false,
      "bull_trend_angle": 0.4585872822099595,
      "bull_trend_slope_pct": 0.0800402890041256,
      "dist_to_bull_trend": 0,
      "bear_trend_line": null,
      "bear_trend_touches": 0,
      "bear_trend_valid": false,
      "bear_trend_angle": 0.8284022124168575,
      "bear_trend_slope_pct": 0.1445935369747214,
      "dist_to_bear_trend": 0,
      "above_bull_trend": false,
      "below_bear_trend": false,
      "between_trend_lines": false,
      "broke_bull_trend": false,
      "broke_bear_trend": false
    }
  },
  "parent_contexts": {
    "four_hour": {
      "regime": "transition",
      "trend_strength": "strong",
      "bias": "transition",
      "close": 2047.65,
      "key_levels": {
        "nearest_resistance": 2090.0,
        "nearest_support": 1945.08,
        "distance_to_resistance_pct": 2.0682245500940057,
        "distance_to_support_pct": 5.00915683832687
      },
      "fib_zone": "mid_range",
      "alignments": {
        "4h_vs_monthly": "mixed",
        "4h_vs_weekly": "mixed",
        "4h_vs_daily": "aligned",
        "quad_alignment": "moderate_confluence"
      }
    },
    "daily": {
      "regime": "transition",
      "trend_strength": "moderate",
      "bias": "transition",
      "close": 2067.24,
      "key_levels": {
        "nearest_resistance": 1995.56,
        "nearest_support": 1897.24,
        "distance_to_resistance_pct": -3.4674251659217044,
        "distance_to_support_pct": 8.223525086588872
      },
      "fib_zone": "deep_correction",
      "alignments": {
        "daily_vs_monthly": "mixed",
        "daily_vs_weekly": "mixed",
        "triple_alignment": "mixed_signals"
      }
    },
    "weekly": {
      "regime": "bearish_distribution",
      "trend_strength": "strong",
      "bias": "bearish",
      "close": 1939.3,
      "key_levels": {
        "nearest_resistance": 4755.0,
        "nearest_support": 3435.0,
        "distance_to_resistance_pct": 145.19156396637962,
        "distance_to_support_pct": -77.12576702934048
      },
      "fib_zone": "extension",
      "mtf_alignment": "aligned"
    },
    "summary": "3/3 contexts loaded"
  },
  "interpretations": {
    "regime": {
      "classification": "bearish_distribution",
      "confidence": 0.75,
      "using_indicators": [
        "trend_bullish",
        "structure_bullish",
        "rsi"
      ]
    },
    "trend": {
      "strength": "weak",
      "adx_value": 13.151930617822783,
      "using_indicators": [
        "adx",
        "plus_di",
        "minus_di"
      ]
    },
    "volatility": {
      "regime": "normal",
      "bb_width": 0.048484358132815,
      "using_indicators": [
        "bb_width",
        "atr_pct"
      ]
    },
    "fibonacci_position": {
      "zone": "extension",
      "position": 0.7597082953509597,
      "using_indicators": [
        "fib_position",
        "fib_618",
        "fib_382"
      ]
    },
    "key_levels": {
      "nearest_resistance": 2199.0,
      "nearest_support": 2107.57,
      "distance_to_resistance_pct": 5.738438013906126,
      "distance_to_support_pct": -1.3420462960291737
    },
    "volume": {
      "volume_ratio": 0.5168852847871523,
      "above_average": false,
      "using_indicators": [
        "volume_ratio",
        "volume_sma_20"
      ]
    },
    "trendlines": {
      "bull_valid": false,
      "bear_valid": false,
      "using_indicators": [
        "bull_trend_valid",
        "bear_trend_valid"
      ]
    },
    "mtf_alignment": {
      "alignments": {
        "1h_vs_4h": "mixed",
        "1h_vs_daily": "mixed",
        "1h_vs_weekly": "aligned",
        "quad_alignment": "moderate_confluence"
      },
      "confluence_count": 1,
      "using_context": [
        "4h_regime",
        "daily_regime",
        "weekly_regime"
      ]
    }
  },
  "comprehensive_analysis": {
    "all_indicators_reviewed": true,
    "total_indicators": 93,
    "categories": [
      "price_action",
      "trend",
      "momentum",
      "volatility",
      "volume",
      "trend_strength",
      "fibonacci",
      "structure",
      "support_resistance",
      "trendlines"
    ],
    "narrative": "1h Analysis: Close 2079.66. Regime: bearish_distribution. Quad alignment: moderate_confluence. Trend strength: weak (ADX 13.2). Volatility: normal. Fibonacci: extension (0.76)."
  }
}